{
  "realized_vol_30d": 0.09499280303716659,
  "realized_vol_10d": 0.07118002325296402,
  "rsi_14d": 0.056710104644298556,
  "mom_5d": 0.05492784306406975,
  "mom_10d": 0.04488529339432716,
  "parkinson_vol": 0.043745027482509614,
  "bb_pos": 0.042766880989074704,
  "realized_vol_5d": 0.041811107844114306,
  "volatility_3d": 0.04162150025367737,
  "macd_signal": 0.041487371921539305,
  "macd": 0.04063933193683624,
  "ret_std_3d": 0.03967771530151367,
  "macd_diff": 0.038599738478660585,
  "bb_width": 0.03792935088276863,
  "ma_10d": 0.036885767430067065,
  "volatility_1d": 0.036727174371480945,
  "return_pct": 0.036202327162027356,
  "ewm_vol_5d": 0.03588260263204575,
  "ewm_vol_10d": 0.03435054868459701,
  "volatility_7d": 0.03419277593493462,
  "vol_of_vol_10d": 0.032009606063365934,
  "ewm_vol_30d": 0.03153457790613175,
  "ma_5d": 0.03124050348997116
}