{
  "mean_accuracy": 0.5722222222222222,
  "mean_precision": 0.45777777777777773,
  "mean_recall": 0.3769230769230769,
  "mean_f1": 0.40985495985495984
}