{
  "mean_accuracy": 0.47000000000000003,
  "mean_precision": 0.32900432900432897,
  "mean_recall": 0.3887445887445887,
  "mean_f1": 0.34375816993464053
}