{
  "mean_accuracy": 0.8933333333333333,
  "mean_precision": 0.7023809523809523,
  "mean_recall": 0.7076190476190476,
  "mean_f1": 0.6876223776223777,
  "mean_roc_auc": 0.8842485404021636
}